{"is_source_file": true, "format": "Python", "description": "This file is a FastAPI application setup script that initializes a web server with CORS middleware and defines a health check endpoint at the root path.", "external_files": ["fastapi", "fastapi.middleware.cors"], "external_methods": ["fastapi.FastAPI", "fastapi.middleware.cors.CORSMiddleware"], "published": ["app"], "classes": [], "methods": [{"name": "health_check()", "description": "Defines a GET endpoint at the root URL returning a health status message.", "scope": "", "scopeKind": ""}], "calls": ["FastAPI()", "app.add_middleware", "CORSMiddleware", "app.get"], "search-terms": ["FastAPI", "CORSMiddleware", "health check", "main.py", "CORS setup"], "state": 2, "file_id": 2, "knowledge_revision": 9, "git_revision": "f27c65ce9d1e4ae6f752397c16a9a71e7bcf07ae", "ctags": [{"_type": "tag", "name": "app", "path": "/home/kavia/workspace/code-generation/gourmet-express-200668-200677/backend_api/src/api/main.py", "pattern": "/^app = FastAPI()$/", "language": "Python", "kind": "variable"}, {"_type": "tag", "name": "health_check", "path": "/home/kavia/workspace/code-generation/gourmet-express-200668-200677/backend_api/src/api/main.py", "pattern": "/^def health_check():$/", "language": "Python", "kind": "function", "signature": "()"}], "hash": "58352bf5f133908bab16643199aa483d", "format-version": 4, "code-base-name": "backend_api", "filename": "backend_api/src/api/main.py", "fields": [{"name": "app = FastAPI()", "scope": "", "scopeKind": "", "description": "unavailable"}], "revision_history": [{"9": "f27c65ce9d1e4ae6f752397c16a9a71e7bcf07ae"}]}